name,price
Smashic Unisex Sneakers,"₹2,469"
Smashic Unisex Sneakers,"₹2,469"
Porsche Legacy Caven 2.0 Unisex Motorsport Sneakers,"₹6,999"
Porsche Legacy Caven 2.0 Unisex Motorsport Sneakers,"₹6,999"
PUMA Court Shatter Low Men's Sneakers,"₹4,199"
PUMA Court Shatter Low Men's Sneakers,"₹4,199"
Blktop Rider Preppy Unisex Sneakers,"₹8,999"
Blktop Rider Preppy Unisex Sneakers,"₹8,999"
FENTY x PUMA Creeper Phatty Earth Tone Unisex Sneakers,"₹11,999"
FENTY x PUMA Creeper Phatty Earth Tone Unisex Sneakers,"₹11,999"
FENTY x PUMA Creeper Phatty Earth Tone Unisex Sneakers,"₹11,999"
RS-X Underground Drift Unisex Sneakers,"₹10,999"
RS-X Underground Drift Unisex Sneakers,"₹10,999"
"Puma Alfarun Hyperwave Men's 
Sneakers","₹2,399"
"Puma Alfarun Hyperwave Men's 
Sneakers","₹2,399"
"Puma Alfarun Hyperwave Men's 
Sneakers","₹2,399"
Suede Classic XXI Unisex Sneakers,"₹6,999"
Puma Dexfly V1 Men's Sneakers,"₹2,399"
Puma Dexfly V1 Men's Sneakers,"₹3,999"
RBD Game x HARRDY SANDHU Men's Sneakers,"₹7,499"
RBD Game x HARRDY SANDHU Men's Sneakers,"₹7,499"
Cliff Unisex Sneakers,"₹2,089"
Mercedes AMG Petronas Formula 1® RS-Trck Unisex Shoes,"₹12,999"
BMW M Motorsport ZenonSpeed Unisex Sneakers,"₹9,999"
PUMA Melanite Slip On Men's Sneakers,"₹2,249"
PUMA Melanite Slip On Men's Sneakers,"₹2,149"
Pacer Future Unisex Sneakers,"₹3,849"
PUMA Punch Comfort Unisex Sneakers,"₹3,299"
PUMA Punch Comfort Unisex Sneakers,"₹3,299"
RS-X Brand Love Unisex Sneakers,"₹10,999"
Mercedes AMG Petronas Zenonspeed Unisex Sneakers,"₹9,999"
Mercedes AMG Petronas Zenonspeed Unisex Sneakers,"₹9,999"
PUMA Evoke Layup Men's Sneakers,"₹3,899"
PUMA Evoke Layup Men's Sneakers,"₹4,199"
Puma Alfarun Men's Sneakers,"₹2,499"
Puma Alfarun Pro Men's Sneakers,"₹3,299"
Puma Vellfire Unisex Sneakers,"₹2,699"
PUMA X-Ray Fluido Men's Sneakers,"₹3,299"
Tour Men's Sneakers,"₹2,689"
Puma Vellfire Unisex Sneakers,"₹2,699"
Anzarun Camo Men's Sneakers,"₹2,649"
Comp Men's Sneakers,"₹2,359"
PUMA x one8 Shuffle Better V3 Men's Sneakers,"₹6,499"
Anzarun Camo Men's Sneakers,"₹2,749"
Puma Alfarun Pro Men's Sneakers,"₹3,299"
Puma Alfarun Pro Men's Sneakers,"₹3,299"
Shuffle Mid one8 Better V2 Men's Sneakers,"₹6,999"
RBD Game Low x HARRDY SANDHU Men's Sneakers,"₹6,999"
Tour Men's Sneakers,"₹2,689"
Puma Alfarun Men's Sneakers,"₹2,499"
PUMA x one8 Shuffle Better V3 Men's Sneakers,"₹6,499"
Shuffle Mid one8 Better V2 Men's Sneakers,"₹6,999"
PUMA Momento Men's Sneakers,"₹4,999"
PUMA Jetfly Men's Sneakers,"₹2,469"
PUMA Jetfly Men's Sneakers,"₹2,469"
PUMA X-Ray Fluido Men's Sneakers,"₹5,999"
Anzarun Krick Men's Sneakers,"₹2,379"
Faster Men's Sneakers,"₹2,689"
PUMA Momento Men's Sneakers,"₹4,999"
PUMA Altell Men's Sneakers,"₹2,399"
Comp Men's Sneakers,"₹2,579"
PUMA Altell Men's Sneakers,"₹2,399"
Anzarun Krick Men's Sneakers,"₹2,379"
Puma Drivate Men's Sneakers,"₹3,499"
Manor Men's Sneakers,"₹2,399"
Puma Flexrate Men's Sneakers,"₹2,239"
Dryflex Men's Sneakers,"₹2,269"
Puma Flexrate Men's Sneakers,"₹2,239"
Manor V2 Men's Sneakers,"₹2,579"
Manor V2 Men's Sneakers,"₹2,359"
MMQ Service Line Clyde Unisex Sneakers,"₹8,999"
Armour V2 Men's Sneakers,"₹2,599"
Duke Men's Sneakers,"₹2,279"
Slipstream Lo Retro Unisex Sneakers,"₹8,999"
CA Pro Lux III Unisex Sneakers,"₹9,999"
RS-X Triple Unisex Sneakers,"₹10,999"
RS 3.0 Synth Pop Unisex Sneakers,"₹9,999"
RS 3.0 Suede Unisex Sneakers,"₹11,999"
Dynamite Slip-On Men's Sneakers,"₹2,749"
Dynamite Slip-On Men's Sneakers,"₹2,749"
Duke Men's Sneakers,"₹2,399"
Slipstream Lo Retro Unisex Sneakers,"₹8,999"
Amaze Runner Men's Sneakers,"₹2,999"
Lite Pro V2 Men's Sneakers,"₹2,399"
Propel EL Men's Sportstyle Sneakers,"₹2,399"
Flex Bar Men's Sneakers,"₹2,399"
Clyde Hairy Suede Unisex Sneakers,"₹8,999"
Game Unisex Sneakers,"₹2,699"
Scuderia Ferrari Speedcat Racing Unisex Shoes,"₹9,999"
RS-X 3D Unisex Sneakers,"₹10,999"
Slipstream Lo Retro Unisex Sneakers,"₹8,999"
Slipstream Unisex Bball Sneakers,"₹10,999"
Clyde Varsity Unisex Sneakers,"₹8,999"
RS-X Efekt PRM Unisex Sneakers,"₹11,999"
RS-X Triple Unisex Sneakers,"₹10,999"
TRC Blaze Knit Unisex Sneakers,"₹10,999"
TRC Blaze Knit Unisex Sneakers,"₹10,999"
Super Team OG Unisex Sneakers,"₹8,999"
Slipstream Hi Heritage Unisex Sneakers,"₹9,999"
RS-Z Core Unisex Sneakers,"₹9,999"
RS-X Efekt Unisex Sneakers,"₹11,999"
Clyde OG Unisex Sneakers,"₹8,999"
RS-X Forward History Unisex Sneakers,"₹11,999"
RS-X Efekt Energy Unisex Sneakers,"₹11,999"
Rider FV Leather Unisex Sneakers,"₹7,199"
Slipstream Lo Retro Unisex Sneakers,"₹8,999"
Pint Men's Sneakers,"₹2,789"
Slipstream Unisex Bball Sneakers,"₹9,999"
RS-Trck Horizon Unisex Sneakers,"₹12,999"
Slipstream Leather Unisex Sneakers,"₹8,999"
Clyde Base Unisex Sneakers,"₹8,999"
Camo Men's Sneakers,"₹2,249"
Lyon Men's Sneakers,"₹2,449"
PUMA Kenton Unisex Shoes,"₹2,469"
RS-X 3D Unisex Sneakers,"₹10,999"
Plexus Men's Sneakers,"₹12,999"
Basket Classic XXI Men's Sneakers,"₹7,999"
PUMA x P.A.M. Prevail TRL Unisex Sneakers,"₹12,999"
Slipstream Unisex Sneakers,"₹9,999"
Palermo Special Unisex Sneakers,"₹6,999"
Daze V2 Unisex Sneakers,"₹2,279"
Suede Classic XXI Unisex Sneakers,"₹6,999"
Dynamite Slip-On Men's Sneakers,"₹2,649"
CA Pro Sport Unisex Sneakers,"₹8,999"
Grand Slipon Men's Sneakers,"₹3,499"
RS-X Efekt PRM Unisex Sneakers,"₹11,999"
RS-X Efekt Unisex Sneakers,"₹11,999"
RS-X 3D Unisex Sneakers,"₹10,999"
Cave V2 Men's Sneakers,"₹2,579"
Clyde SOHO London Edition Unisex Sneakers,"₹9,999"
Slipstream Bball Mix Unisex Sneakers,"₹10,999"
Clyde PRM Unisex Sneakers,"₹10,999"
Suede Classic XXI Unisex Sneakers,"₹6,999"
RS-X Efekt PRM Unisex Sneakers,"₹11,999"
Clyde SOHO (NYC) Men's Sneakers,"₹10,999"
Army Trainer Unisex Sneakers,"₹7,999"
RS 3.0 Suede Unisex Sneakers,"₹11,999"
Mercedes-AMG PETRONAS IONICspeed Unisex Driving Shoes,"₹9,999"
Suede Brand Love Unisex Sneakers,"₹8,999"
Clyde Super PUMA Unisex Sneakers,"₹9,999"
RS-X Elevated Hike Unisex Sneakers,"₹10,999"
Clyde Base Unisex Sneakers,"₹8,999"
Clyde Paris Unisex Sneakers,"₹9,999"
PUMA Knit Slip On  Men's Walking  Shoes,"₹2,359"
PUMA Asteride Men's Slip-On Shoes,"₹2,379"
Tour Men's Sneakers,"₹2,689"
Suede Classic XXI Unisex Sneakers,"₹6,999"
Suede Classic XXI Unisex Sneakers,"₹6,999"
BMW M Motorsport Drift Cat Decima Unisex Sneakers,"₹9,999"
Scuderia Ferrari Neo Cat Unisex Driving Shoes,"₹7,999"
Scuderia Ferrari Clyde Unisex Sneakers,"₹9,999"
Slipstream Unisex Sneakers,"₹9,999"
Blktop Rider Leather Unisex Sneakers,"₹8,999"
Clyde OG Unisex Sneakers,"₹8,999"
RS-X 3D Unisex Sneakers,"₹10,999"
Clyde Base Unisex Sneakers,"₹8,999"
Clyde OG Unisex Sneakers,"₹8,999"
Palermo OG Unisex Sneakers,"₹7,999"
Clyde Base Unisex Sneakers,"₹8,999"
Suede Classic XXI Unisex Sneakers,"₹6,999"
RS-X Efekt PRM Unisex Sneakers,"₹11,999"
CA Pro Sport Unisex Sneakers,"₹8,999"
RS-X Efekt Turbo Unisex Sneakers,"₹11,999"
Blktop Rider Unisex Sneakers,"₹8,999"
RS-X Efekt Reflective Unisex Sneakers,"₹11,999"
PUMA-180 STAPLE Men's Sneakers,"₹13,999"
Puma Shuffle Perf RES Unisex Sneakers,"₹4,999"
Porsche Legacy CA Pro Motorsport Unisex Sneakers,"₹9,999"
CA Pro Trail Unisex Sneakers,"₹8,999"
CA Pro Classic Unisex Sneakers,"₹7,999"
Blktop Rider Unisex Sneakers,"₹8,999"
CA Pro Trail Unisex Sneakers,"₹8,999"
PUMA-180 Unisex Sneakers,"₹10,999"
Pwrframe Aerogram Reflective Men's Sneakers,"₹9,999"
PUMA-180 Club 48 Unisex Sneakers,"₹10,999"
Slipstream Premium Unisex Sneakers,"₹9,999"
Clyde OG Unisex Sneakers,"₹8,999"
Suede Brand Love Unisex Sneakers,"₹8,999"
RS 3.0 Synth Pop Unisex Sneakers,"₹9,999"
Anzarun FS 2.0 Unisex Sneakers,"₹4,389"
Blktop Rider Washed Unisex Sneakers,"₹8,999"
PWRFRAME OP-1 Abstract Unisex Sneakers,"₹10,999"
Slipstream Suede Unisex Sneakers,"₹9,999"
Suede Classic XXI Unisex Sneakers,"₹5,999"
CA Pro Classic Unisex Sneakers,"₹7,999"
Scuderia Ferrari IONSpeed 2 Unisex Sneakers,"₹9,999"
Slipstream Unisex Bball Sneakers,"₹10,999"
Exotek NITRO™ Base Unisex Sneakers,"₹12,999"
Slipstream Hi Heritage Unisex Sneakers,"₹9,999"
Puma 1948 Mid Unisex Sneakers,"₹3,999"
RS-XK Unisex Sneakers,"₹10,999"
PUMA Punch Unisex Sneakers,"₹2,999"
Scuderia Ferrari Kart Cat RL Mid Unisex Sneakers,"₹10,999"
Slipstream Hi Heritage Unisex Sneakers,"₹10,999"
TRC Blaze Chance Unisex Sneakers,"₹9,999"
Scuderia Ferrari Caven 2.0 Unisex Motorsport Sneakers,"₹4,549"
PUMA x STAPLE Slipstream Unisex Sneakers,"₹11,999"
Suede Collector's Edition Unisex Sneakers,"₹8,999"
RS-X Efekt PRM Unisex Sneakers,"₹11,999"
RS-X Efekt Speckle Unisex Sneakers,"₹10,999"
Slipstream Unisex Sneakers,"₹9,999"
RS-X Efekt Gradient Unisex Sneakers,"₹11,999"
RS-X Black and White Unisex Sneakers,"₹10,999"
CA Pro Sport Unisex Sneakers,"₹8,999"
CA Pro Sport Unisex Sneakers,"₹8,999"
Velophasis 372.5 Unisex Vegan Sneakers,"₹12,999"
Slipstream Lo Lth Unisex Sneakers,"₹10,999"
Rider FV Block Sneakers,"₹5,999"
Future Rider Play On Unisex Sneakers,"₹8,999"
Disc Blaze OG Unisex Sneakers,"₹14,999"
RS-X Efekt Unisex Sneakers,"₹11,999"
Slipstream Leather Unisex Sneakers,"₹8,999"
Caven 2.0 Unisex Sneakers,"₹3,599"
Slipstream Club 48 Unisex Sneakers,"₹10,999"
RS-X Geek Unisex Sneakers,"₹5,499"
RS-X Efekt PRM Unisex Sneakers,"₹11,999"
RS-X Efekt PRM Unisex Sneakers,"₹11,999"
PUMA x PERKS AND MINI Velophasis V002 Men's Sneakers,"₹13,999"
Porsche Legacy Tiburion Logo Unisex Sneakers,"₹4,799"
Slipstream Lo Retro Unisex Sneakers,"₹8,999"
Porsche Legacy RS-X Camo Unisex Sneakers,"₹11,999"
PUMA Jetfly Men's Sneakers,"₹2,469"
RS-X Efekt PRM Unisex Sneakers,"₹11,999"
BMW M Motorsport Drift Cat Decima Unisex Sneakers,"₹9,999"
Suede Classic XXI Unisex Sneakers,"₹6,999"
PUMA-180 Unisex Sneakers,"₹10,999"
PUMA x SPARCO Speedcat OG Unisex Driving Shoes,"₹8,999"
Camo Men's Sneakers,"₹2,469"
Rapid Runner Men’s Sneakers,"₹2,399"
Armour V2 Men's Sneakers,"₹2,799"
Game Unisex Sneakers,"₹2,699"
PUMA Kenton Unisex Shoes,"₹2,699"
Palermo Lth Unisex Sneakers,"₹6,999"
Exotek NITRO™ Energy Unisex Sneakers,"₹12,999"
BMW M Motorsport Wired Run Unisex Driving Shoes,"₹6,999"
Palermo Unisex Sneakers,"₹6,999"
All Day Active Unisex Sneakers,"₹3,849"
RS-X Efekt Perforated Unisex Sneakers,"₹11,999"
Rider FV Pop FS Unisex Sneakers,"₹8,999"
Wired Run Pure Unisex Sneakers,"₹3,299"
Puma-180 Cordura® Unisex Sneakers,"₹10,999"
Slipstream Hi Heritage Unisex Sneakers,"₹10,999"
Plexus Tasteless Tastemaker Unisex Sneakers,"₹13,999"
Future Rider New Core Unisex Sneakers,"₹8,999"
Rider Future Vintage Unisex Sneakers,"₹8,999"
Wired Run-In-Motion Unisex Sneakers,"₹3,599"
All Day Active Unisex Sneakers,"₹3,289"
Scuderia Ferrari Tiburion Unisex Sneakers,"₹7,999"
Scuderia Ferrari Tiburion Unisex Sneakers,"₹7,999"
Anzarun FS 2.0 Unisex Sneakers,"₹4,399"
RS 3.0 Future Vintage Unisex Sneakers,"₹7,999"
RS-Z RE.GEN Unisex Sneakers,"₹5,499"
Slipstream Unisex Bball Sneakers,"₹10,999"
Blktop Rider Washed Unisex Sneakers,"₹8,999"
Slipstream Unisex Sneakers,"₹9,999"
Rider Future Vintage Unisex Sneakers,"₹8,999"
Blktop Rider Unisex Sneakers,"₹8,999"
Future Rider New Core Unisex Sneakers,"₹8,999"
Clyde Base Unisex Sneakers,"₹8,999"
PUMA-180 Unisex Sneakers,"₹10,999"
RS-X Reinvention Unisex Sneakers,"₹10,999"
CA Pro Suede Mix Unisex Sneakers,"₹9,999"
Electron 2.0 Unisex Sneakers,"₹5,999"
Slipstream Leather Unisex Sneakers,"₹8,999"
RS-X Geek Unisex Sneakers,"₹10,999"
RS-X Geek Unisex Sneakers,"₹10,999"
PUMA x PWRFRAME OP-1 Cyber Unisex Sneakers,"₹10,999"
Clyde OG 75Y PRM Unisex Sneakers,"₹8,999"
Clyde OG 75Y PRM Unisex Sneakers,"₹8,999"
CA Pro Suede FS Sneakers,"₹8,999"
Clyde Hairy Suede Unisex Sneakers,"₹8,999"
Clyde No.1 Unisex Sneakers,"₹9,999"
BMW M Motorsport Tiburion Unisex Driving Shoes,"₹7,999"
Exotek NITRO™ Unisex Sneakers,"₹12,999"
Scuderia Ferrari Maco SL 2.0 Unisex Driving Shoes,"₹10,999"
Clyde OG 75Y Unisex Sneakers,"₹8,999"
Clyde Huskie Unisex Sneakers,"₹9,999"
PWRFRAME OP-1 Abstract Unisex Sneakers,"₹6,269"
Exotek NITRO™ Base Unisex Sneakers,"₹12,999"
Slipstream Leather Unisex Sneakers,"₹8,999"
Clyde Vintage Unisex Sneakers,"₹9,999"
Clyde Vintage Unisex Sneakers,"₹9,999"
Clyde OG Unisex Sneakers,"₹8,999"
Clyde Clydezilla MIJ Men's Sneakers,"₹14,999"
RS-X 3D Unisex Sneakers,"₹10,999"
Amaze Runner Men's Sneakers,"₹2,999"
Suede VTG TheNeverWorn II Men's Sneakers,"₹9,999"
MB.03 CNY Unisex Basketball Shoes,"₹14,999"
Suede Vintage Unisex Sneakers,"₹6,999"
Suede Classic XXI Unisex Sneakers,"₹6,999"
Suede Classic XXI Unisex Sneakers,"₹6,999"
Genetics Unisex Basketball Shoes,"₹9,999"
Exotek NITRO™ Energy Unisex Sneakers,"₹12,999"
PUMA x STAPLE Slipstream T Men's Sneakers,"₹8,399"
Slipstream Soph Unisex Sneakers,"₹9,999"
BMW M Motorsport CA Pro Unisex Sneakers,"₹8,999"
Mercedes AMG Petronas Maco SL Unisex Sneakers,"₹10,999"
Blktop Rider Multicolor Unisex Sneakers,"₹8,999"
Porsche Legacy TRC Blaze Motorsport Shoes,"₹10,999"
Ferrari Drift Cat Decima Unisex Sneakers,"₹8,999"
Electron 2.0 Unisex Sneakers,"₹3,599"
Blktop Rider Multicolor Unisex Sneakers,"₹8,999"
BMW M Motorsport Wired Run Unisex Driving Shoes,"₹6,999"
CA Pro Haunted Unisex Sneakers,"₹8,999"
Roma OG Unisex Sneakers,"₹6,799"
RS 3.0 Future Vintage Unisex Sneakers,"₹7,999"
Basket Classic XXI Men's Sneakers,"₹6,499"
RS-Trck Horizon Unisex Sneakers,"₹12,999"
TRC Blaze Chance Unisex Sneakers,"₹9,999"
Slipstream Hi Heritage Unisex Sneakers,"₹9,999"
Future Rider Play On Unisex Sneakers,"₹8,999"
Blktop Rider Unisex Sneakers,"₹8,999"
Basket Classic XXI Men's Sneakers,"₹6,499"
Fandom Suede Unisex Sneakers,"₹6,999"
Army Trainer Suede Unisex Sneakers,"₹6,999"
Court Classic Lux Unisex Sneakers,"₹6,499"
RS-X Efekt Turbo Unisex Sneakers,"₹11,999"
Suede Icons of Unity Unisex Sneakers,"₹8,999"
RS-Trck Horizon Unisex Sneakers,"₹12,999"
RS-X Efekt Reflective Unisex Sneakers,"₹11,999"
RS 3.0 Suede Unisex Sneakers,"₹11,999"
R698 PRM 75th Anniversary Edition Men's Sneakers,"₹9,999"
Slipstream Hi Heritage Unisex Sneakers,"₹9,999"
Ferrari Drift Cat Delta Unisex Sneakers,"₹7,999"
Future Rider New Core Unisex Sneakers,"₹8,999"
Trinity Men's Sneakers,"₹7,999"
Ferrari Drift Cat Decima Unisex Sneakers,"₹9,999"
RS-X Reinvention Unisex Sneakers,"₹10,999"
CA Pro Sport Mix Unisex Sneakers,"₹8,999"
Slipstream Leather Unisex Sneakers,"₹8,999"
Slipstream Leather Unisex Sneakers,"₹8,999"
Clyde OG Unisex Sneakers,"₹8,999"
Ferrari Drift Cat Decima Unisex Sneakers,"₹9,999"
RS-X Efekt Energy Unisex Sneakers,"₹11,999"
BMW M Motorsport Neo Cat Unisex Sneakers,"₹3,999"
ST Activate Unisex Sneakers,"₹2,379"
ST Activate Unisex Sneakers,"₹2,799"
RS 3.0 Suede Unisex Sneakers,"₹11,999"
RS-X Reinvention Unisex Sneakers,"₹10,999"
Genetics Unisex Basketball Shoes,"₹9,999"
Suede Classic XXI Unisex Sneakers,"₹6,999"
Suede Classic XXI Unisex Sneakers,"₹6,999"
Suede Classic XXI Unisex Sneakers,"₹6,999"
Suede Classic XXI Unisex Sneakers,"₹6,999"
Scuderia Ferrari Drift Cat 5 Ultra II Unisex Sneakers,"₹4,199"
Army Trainer Suede Unisex Sneakers,"₹6,999"
Suede Classic XXI Unisex Sneakers,"₹6,999"
Porsche Legacy Tiburion Logo Unisex Sneakers,"₹4,639"
All Day Active Unisex Sneakers,"₹3,559"
Slipstream Unisex Bball Sneakers,"₹10,999"
Scuderia Ferrari X-Ray Speed Unisex Sneakers,"₹7,999"
Hypnotic LS Unisex Sneakers,"₹6,999"
Scuderia Ferrari Neo Cat Unisex Driving Shoes,"₹3,999"
Electron 2.0 Sport Unisex Sneakers,"₹4,869"
Scuderia Ferrari Carbon Cat Unisex Driving Shoes,"₹10,999"
RS - Z Art of Sport Unisex Sneakers,"₹9,999"
Mercedes AMG Petronas F1 Drift Cat Decima Unisex Sneakers,"₹9,999"
BMW M Motorsport Electron E Pro Unisex Sneakers,"₹6,999"
Exotek NITRO™ Racing Unisex Sneakers,"₹12,999"
CA Pro Ripple Earth Unisex Sneakers,"₹10,999"
Wired Run Pure Unisex Sneakers,"₹3,299"
PUMA x THE SMURFS RS-X Sneakers,"₹11,999"
RS-X Geek Unisex Sneakers,"₹10,999"
Palermo Unisex Sneakers,"₹6,999"
PUMA x PLEASURES Velophasis Layers Unisex Sneakers,"₹13,999"
Army Trainer Suede Unisex Sneakers,"₹7,999"
Extent NITRO™ Spring Goodies Unisex Sneakers,"₹13,999"
X-Ray 2 Square Unisex Sneakers,"₹5,999"
Slipstream Hi Leather Unisex Sneakers,"₹9,999"
Blktop Rider Unisex Sneakers,"₹8,999"
Rebound Street v2 Leather Unisex Sneakers,"₹3,749"
BMW M Motorsport Wired Run Unisex Driving Shoes,"₹6,999"
PUMA x PERKS AND MINI Plexus Unisex Sneakers,"₹11,999"
Ferrari Drift Cat Decima Unisex Sneakers,"₹9,999"
RS-X Efekt RE:PLACE Unisex Sneakers,"₹13,999"
RS-X Efekt Uninvisible Unisex Sneakers,"₹11,999"
Ferrari Drift Cat Decima Unisex Sneakers,"₹8,999"
PWRFrame OP-1 Equinox Unisex Sneakers,"₹5,999"
Suede Fat Lace Unisex Sneakers,"₹8,999"
RS 3.0 Synth Pop Unisex Sneakers,"₹9,999"
Anzarun Lite Bold Unisex Sneakers,"₹2,699"
Blktop Rider Unisex Sneakers,"₹8,999"
CA Pro Glitch Reflect Unisex Sneakers,"₹8,999"
TRC Blaze Tech Unisex Sneakers,"₹5,849"
Rebound Future Evo Unisex Sneakers,"₹3,149"
RS-Z BP Unisex Sneakers,"₹5,499"
PUMA-180 Corduroy Unisex Sneakers,"₹11,999"
Storm Origin Men's Sneakers,"₹4,549"
Velophasis Luxe Sport Unisex Sneakers,"₹12,999"
Slipstream Pop Unisex Sneakers,"₹9,999"
RS-X Toys Unisex Sneakers,"₹5,499"
RS-X Toys Unisex Sneakers,"₹5,499"
MMQ Service Line Slipstream Lo Unisex Sneakers,"₹10,999"
Suede Fat Lace Unisex Sneakers,"₹8,999"
Slipstream Xtreme Unisex Sneakers,"₹11,999"
BMW M Motorsport Wired Run Unisex Driving Shoes,"₹6,999"
Extent Nitro Mono Unisex Sneakers,"₹11,999"
Extent Nitro Mono Unisex Sneakers,"₹11,999"
RS-X Efekt Unisex Sneakers,"₹11,999"
RS-X Reinvention Unisex Sneakers,"₹9,999"
RS-X Reinvention Unisex Sneakers,"₹10,999"
Exotek NITRO™ Base Unisex Sneakers,"₹12,999"
Slipstream Leather Unisex Sneakers,"₹8,999"
Teveris NITRO™ Noughties Unisex Sneakers,"₹9,999"
Extent NITRO™ Engineered Mesh Unisex Sneakers,"₹12,999"
Slipstream Unisex Bball Sneakers,"₹10,999"
MAPF1 A3rokart Mid Men's Motorsport Sneakers,"₹9,999"
RS-X Efekt Perforated Unisex Sneakers,"₹11,999"
BMW M Motorsport Caven 2.0 Unisex Sneakers,"₹6,999"
Blktop Rider Unisex Sneakers,"₹8,999"
Clyde Clydezilla MIJ Men's Sneakers,"₹14,999"
MB.03 Dexter's Laboratory Unisex Basketball Shoes,"₹14,999"
Scuderia Ferrari Carbon Cat Mid Unisex Driving Shoes,"₹7,199"
Court Classic Unisex Sneakers,"₹6,499"
Porsche Legacy Neo Cat Unisex Sneakers,"₹7,999"
Mercedes AMG Petronas  RDG Cat 2.0 Men's Sneakers,"₹4,499"
Palermo Unisex Sneakers,"₹6,999"
X-Ray Speed Lite Unisex Sneakers,"₹4,549"
Scuderia Ferrari R-Cat Machina Unisex Driving Shoes,"₹4,399"
Game Unisex Sneakers,"₹2,699"
Scuderia Ferrari Kart Cat RL Mid Unisex Sneakers,"₹6,049"
TRC Blaze Tech Unisex Sneakers,"₹6,299"
Puma-180 Cordura® Unisex Sneakers,"₹10,999"
Rapid Runner Men’s Sneakers,"₹2,599"
PUMA Knit Slip On  Men's Walking  Shoes,"₹2,579"
Propel EL Men's Sportstyle Sneakers,"₹2,599"
Electron 2.0 Sport Unisex Sneakers,"₹4,549"
Mercedes-AMG PETRONAS CA Pro Unisex Sneakers,"₹8,999"
PUMA Up Baseline Unisex Sneakers,"₹3,199"
RS-X Geek Unisex Sneakers,"₹6,049"
BMW M Motorsport RDG Cat 2.0 Unisex Sneakers,"₹4,949"
RS-X Reinvention Unisex Sneakers,"₹10,999"
Mercedes-AMG PETRONAS Maco Unisex Sneakers,"₹10,999"
RS-Z Core Unisex Sneakers,"₹9,999"
Porsche Legacy Tiburion Logo Unisex Sneakers,"₹4,799"
Suede Icons of Unity 1 Unisex Sneakers,"₹8,999"
Rider FV Pop FS Unisex Sneakers,"₹8,999"
Runtamed Unisex Sneakers,"₹5,099"
Basket Classic XXI Men's Sneakers,"₹6,499"
BMW M Motorsport SPEEDFUSION Unisex Driving Shoes,"₹8,999"
Mercedes AMG Petronas F1 Wired Run Unisex Sneakers,"₹6,999"
Mirage Sport Tech Neon Sneakers,"₹6,299"
Scuderia Ferrari IonicSpeed Unisex Driving Shoes,"₹4,999"
Scuderia Ferrari RDG Cat 2.0 Unisex Sneakers,"₹4,499"
All Day Active Unisex Sneakers,"₹3,569"
Anzarun 2.0 Unisex Sneakers,"₹5,249"
Scuderia Ferrari Speedcat Unisex Driving Shoes,"₹9,999"
CA Pro 'Sport for the Fanbase' Unisex Sneakers,"₹10,999"
X-Ray Speed Unisex Sneakers,"₹6,999"
Mercedes-AMG PETRONAS Maco Unisex Sneakers,"₹10,999"
Scuderia Ferrari R-Cat Machina Motorsport Unisex Sneakers,"₹4,399"
Court Point Vulc Perf V2 Unisex Sneakers,"₹2,399"
Slipstream Forward History Unisex Sneakers,"₹10,999"
Future Rider Play On Unisex Sneakers,"₹8,999"
Mercedes AMG Petronas F1 Wired Run Unisex Sneakers,"₹6,999"
Extent NITRO™ ‘Energy Drink’ Unisex Sneakers,"₹11,699"
Scuderia Ferrari Neo Cat Unisex Sneakers,"₹3,999"
Ferrari Drift Cat Delta Unisex Sneakers,"₹3,999"
Graviton Unisex Sneakers,"₹3,899"
Ferrari Drift Cat Decima Unisex Sneakers,"₹9,999"
Extent NITRO™ Engineered Mesh Unisex Sneakers,"₹12,999"
Duke Men's Sneakers,"₹2,399"
PUMA Shogun Unisex Sneakers,"₹2,469"
Suede Classic XXI Unisex Sneakers,"₹6,999"
Velophasis Luxe Sport Unisex Sneakers,"₹12,999"
Blktop Rider Unisex Sneakers,"₹8,999"
Scuderia Ferrari Ridge Cat Unisex Motorsport Shoes,"₹4,799"
Mercedes-AMG Petronas Motorsport Court Ultra Unisex Shoes,"₹7,999"
Anzarun Lite Unisex Sneakers,"₹2,549"
Mercedes AMG Petronas  RDG Cat 2.0 Men's Sneakers,"₹4,499"
RS-Trck New Horizon Unisex Sneakers,"₹11,999"
BMW M Motorsport R-Cat Machina Unisex Sneakers,"₹3,969"
Electron E Unisex Sneakers,"₹4,999"
PUMA Doublecourt Club 48 Unisex Sneakers,"₹4,769"
RS 3.0 Synth Pop Unisex Sneakers,"₹7,999"
RS-X Efekt PRM Unisex Sneakers,"₹11,999"
Wired Run Unisex Sneakers,"₹2,699"
BMW M Motorsport Caven 2.0 Unisex Sneakers,"₹6,999"
RS-X Suede Unisex Sneakers,"₹10,999"
Mercedes AMG Petronas F1 Drift Cat Decima Unisex Sneakers,"₹9,999"
Court Classic Unisex Sneakers,"₹6,499"
Scuderia Ferrari Kart Cat RL Mid Unisex Sneakers,"₹5,499"
RS-XK Unisex Sneakers,"₹11,999"
Mercedes AMG Petronas F1 Tiburion Unisex Sneakers,"₹4,799"
BMW M Motorsport Electron E Pro Unisex Sneakers,"₹6,999"
Pacer 23 Tech Overload Unisex Sneakers,"₹4,869"
Pacer 23 Tech Overload Unisex Sneakers,"₹4,869"
Scuderia Ferrari Future Cat OG Motorsport Unisex Shoes,"₹5,499"
Scuderia Ferrari Tiburion Unisex Sneakers,"₹4,799"
Rebound Future Evo Unisex Sneakers,"₹3,149"
RS-X Efekt Turbo Unisex Sneakers,"₹11,999"
Porsche Legacy RS-X Unisex Sneakers,"₹11,999"
Scuderia Ferrari Future Cat OG Motorsport Unisex Shoes,"₹5,299"
Slipstream Xtreme Cordura® Unisex Sneakers,"₹9,999"
Playmaker Unisex Sneakers,"₹5,249"
Mirage Sport Tech Unisex Sneakers,"₹9,999"
Ca Pro Mid Unisex Sneakers,"₹9,999"
Graviton Pro Unisex Sneakers,"₹3,849"
BMW M Motorsport Drift Cat Delta Unisex Sneakers,"₹3,999"
All Day Active Unisex Sneakers,"₹3,839"
Scuderia Ferrari Carbon Cat Mid Unisex Driving Shoes,"₹7,199"
RS-X Decor8 Unisex Sneakers,"₹4,999"
Anzarun 2.0 Unisex Sneakers,"₹5,249"
RS-X³ WH Unisex Sneakers,"₹4,999"
Caven 2.0 Unisex Sneakers,"₹4,799"
Future Rider Twofold Unisex Sneakers,"₹4,269"
Future Rider Play On Unisex Sneakers,"₹5,399"
Ralph Sampson Lo Unisex Sneakers,"₹3,739"
RS-0 Core Unisex Sneakers,"₹5,099"
Scuderia Ferrari IonicSpeed Unisex Driving Shoes,"₹4,999"
RS-Trck OTDR Unisex Sneakers,"₹10,999"
BMW M Motorsport IonicSpeed Unisex Sneakers,"₹5,999"
TRC Blaze Easter Goodies Unisex Sneakers,"₹6,559"
Blktop Rider Multicolor Unisex Sneakers,"₹8,999"
Slipstream Premium Unisex Sneakers,"₹9,999"
CA Pro Glitch Leather Unisex Sneakers,"₹9,999"
Future Rider New Core Unisex Sneakers,"₹5,399"
All Day Active Unisex Sneakers,"₹3,849"
Slipstream Unisex Sneakers,"₹9,999"
Teveris NITRO™ Base Unisex Sneakers,"₹8,499"
Caven 2.0 VTG Unisex Sneakers,"₹6,799"
Plexus Sand Unisex Sneakers,"₹11,999"
PUMA x STAPLE Suede Men's Sneakers,"₹11,999"
Exotek NITRO™ Mirrored Unisex Sneakers,"₹12,999"
PUMA Smash V2 Buck Unisex Sneakers,"₹2,919"
Puma Shuffle Perf RES Unisex Sneakers,"₹4,999"
Future Rider Play On Unisex Sneakers,"₹8,999"
Voltaire OG Unisex Sneakers,"₹13,999"
Slipstream Soph Unisex Sneakers,"₹9,999"
Scuderia Ferrari Caven 2.0 Unisex Motorsport Sneakers,"₹4,899"
Ferrari Kart Cat Mid Men's Sneakers,"₹4,219"
Scuderia Ferrari Drift Cat 5 Ultra Unisex Shoes,"₹4,199"
Ferrari Kart Cat Mid Men's Sneakers,"₹4,219"
Redon Move Unisex Sneakers,"₹3,019"
Blktop Rider Unisex Sneakers,"₹8,999"
BMW M Motorsport Kart Cat Mid Men's Driving Shoes,"₹6,599"
BMW M Motorsport Drift Cat Ultra 5 II Unisex Sneakers,"₹4,549"
TRC Blaze Unisex Sneakers,"₹5,999"
BMW M Motorsport Kart Cat Mid Men's Driving Shoes,"₹6,599"
PUMA x PLEASURES Suede XL Unisex Sneakers,"₹10,999"
PUMA Backcourt Mid Unisex Sneakers,"₹3,499"
BMW M Motorsport Trinity Mid WTR Men's Sneakers,"₹9,999"
BMW M Motorsport Drift Cat 8 Unisex Motorsport Shoes,"₹4,799"
Scuderia Ferrari Neo Cat Mid Top Motorsport Unisex Shoes,"₹4,949"
RS 3.0 Energy Unisex Sneakers,"₹4,799"
Mercedes Kart Cat-X Tech Unisex Sneakers,"₹5,399"
Suede Haunted Sneakers,"₹6,399"
Mirage Sport Tech Unisex Sneakers,"₹6,499"
SF Future Cat Ultra Unisex Shoes,"₹4,799"
Scuderia Ferrari Tiburion Unisex Sneakers,"₹4,799"
TRC Blaze Tech Unisex Sneakers,"₹6,299"
Scuderia Ferrari X-Ray Speed Unisex Driving Shoes,"₹5,849"
BMW M Motorsport Neo Cat Mid Unisex Sneakers,"₹4,949"
PUMA x BEAVIS AND BUTTHEAD PUMA-180 Unisex Sneakers,"₹10,799"
Turin 3 Unisex Sneakers,"₹3,359"
Slipstream Xtreme Earth Unisex Sneakers,"₹9,999"
RS-X Toys Unisex Sneakers,"₹10,999"
Caven 2.0 Unisex Sneakers,"₹4,499"
R78 Unisex Sneakers,"₹3,249"
PUMA x PERKS AND MINI Suede VTG Unisex Sneakers,"₹8,999"
PUMA x STAPLE Slipstream B Men's Sneakers,"₹8,399"
Basket Classic 75th Anniversary Edition Men's Sneakers,"₹7,649"
Roma OG Unisex Sneakers,"₹6,799"
Mercedes AMG Petronas  Neo Cat Mid Men's Sneakers,"₹4,949"
Future Rider Play On Unisex Sneakers,"₹5,399"
Pacer Future Street Knit Unisex Sneakers,"₹5,249"
BMW M Motorsport Drift Cat Ultra 5 II Unisex Sneakers,"₹4,549"
Trinity Lite Men's Sneakers,"₹4,199"
Scuderia Ferrari R-Cat Machina Unisex Driving Shoes,"₹4,799"
CA Pro Glitch Unisex Sneakers,"₹8,999"
Runtamed Unisex Sneakers,"₹4,799"
CA Pro Leather Mix Unisex Sneakers,"₹8,999"
RS 3.0 Future Vintage Unisex Sneakers,"₹5,199"
Puma-180 Perf Unisex Sneakers,"₹10,999"
BMW M Motorsport Drift Cat 8 Unisex Motorsport Shoes,"₹4,799"
Puma Caven Logo Power Unisex Sneakers,"₹5,599"
PUMA Caven 2.0 Retro Club Unisex Sneakers,"₹4,869"
Ralph Sampson Lo Unisex Sneakers,"₹3,739"
PUMA Serve Pro Lite CNY Unisex Sneakers,"₹3,599"
Rickie Perforated Men's Shoes,"₹4,119"
Mirage Sport Tech Unisex Sneakers,"₹5,999"
RS-X Efekt Reflective Unisex Sneakers,"₹11,999"
Slipstream Lo Gum Unisex Sneakers,"₹8,999"
Slipstream Unisex Bball Sneakers,"₹10,999"
Wired Run Unisex Sneakers,"₹3,369"
Mercedes AMG Petronas F1 Tiburion Unisex Sneakers,"₹4,799"
Scuderia Ferrari X-Ray Speed Unisex Sneakers,"₹6,299"
Basket Classic XXI Men's Sneakers,"₹5,249"
RS-X Efekt Archive Remastered Unisex Sneakers,"₹11,999"
BMW M Motorsport Maco SL 2.0 Unisex Driving Shoes,"₹10,999"
RS 3.0 Y2K Unisex Sneakers,"₹4,799"
CA Pro Glitch Leather Unisex Sneakers,"₹8,999"
Slipstream Xtreme Unisex Sneakers,"₹11,999"
PUMA x BEAVIS AND BUTTHEAD PUMA-180 Unisex Sneakers,"₹10,199"
Scuderia Ferrari Maco SL 2.0 Unisex Driving Shoes,"₹6,599"
CA Pro Lux Unisex Sneakers,"₹9,999"
CA Pro Lux Unisex Sneakers,"₹9,999"
CA Pro Mid Heritage Unisex Sneakers,"₹9,999"
"Slipstream Lo ""The Never Worn"" II Unisex Sneakers","₹11,999"
RBD Game Unisex Sneakers,"₹4,869"
Scuderia Ferrari Neo Cat Unisex Sneakers,"₹4,799"
Blktop Rider Leather Unisex Sneakers,"₹8,999"
Graviton Unisex Sneakers,"₹4,219"
RS-X GEN.G PUMA Unisex Sneakers,"₹10,999"
RS-X Efekt Gradient Unisex Sneakers,"₹11,999"
Taper Unisex Sneakers,"₹3,399"
Slipstream Cord Unisex Sneakers,"₹9,999"
BMW M Motorsport X-Ray Speed Unisex Sneakers,"₹8,999"
PUMA Dare Unisex Sneakers,"₹2,599"
PUMA Dare Unisex Sneakers,"₹2,599"
PUMA Shuffle SoftFoam+ Unisex Sneakers,"₹4,249"
Ferrari Drift Cat Decima Unisex Sneakers,"₹4,999"
Velophasis Technisch Unisex Sneakers,"₹12,999"
Plexus Men's Sneakers,"₹11,999"
PUMA x RHUIGI Clyde Unisex Sneakers,"₹9,999"
PUMA x RHUIGI Clyde Unisex Sneakers,"₹9,999"
Velophasis Phased Unisex Sneakers,"₹12,999"
Suede Classic XXI Unisex Sneakers,"₹6,999"
PUMA R78  Unisex Sneakers,"₹4,799"
"PUMA x SPONGEBOB Rider FV ""Patrick Star"" Unisex Sneakers","₹5,999"
Mirage Sport Remix Unisex Sneakers,"₹5,399"
PUMA x SPONGEBOB Suede Unisex Sneakers,"₹4,499"
PUMA x NFS Maco SL Unisex Sneakers,"₹7,199"
Roma Basic Men's Sneakers,"₹2,999"
Roma Basic Men's Sneakers,"₹2,699"
Roma Basic Men's Sneakers,"₹3,299"
Roma Basic Men's Sneakers,"₹2,749"
Slipstream Unisex Sneakers,"₹9,999"
PUMA x SPONGEBOB Slipstream Unisex Sneakers,"₹7,999"
Comfort Litewalk Men's Slip On Shoes,"₹2,469"
Comfort Litewalk Men's Slip On Shoes,"₹2,469"
Relax Knit Slip On Men's Sneakers,"₹2,269"
Relax Knit Slip On Men's Sneakers,"₹2,269"
Coy Float Slip On Unisex Sneakers,"₹2,689"
Wired Rapid Unisex Sneakers,"₹3,299"
Wired Rapid Unisex Sneakers,"₹4,389"
All-Day Active Slipon Unisex Sneakers,"₹3,749"
Anzarun Lite Slip-On Unisex Sneakers,"₹2,799"
Smooth Walk Men's Running Shoes,"₹2,689"
Walk Max Men's Running Shoes,"₹2,699"
Fast-Trac NITRO™ Men's Trail Running Shoes,"₹10,999"
Electrify NITRO™ 2 Men's Running Shoes,"₹10,999"
Fast-Trac NITRO™ Men's Trail Running Shoes,"₹10,999"
Fast-Trac NITRO™ Men's Trail Running Shoes,"₹10,999"
Smooth Walk Men's Running Shoes,"₹2,469"
Smooth Walk Men's Running Shoes,"₹2,689"
Court Rider Chaos Trash Talk Unisex Basketball Sneakers,"₹6,499"
Fast-Trac NITRO™ Men's Trail Running Shoes,"₹10,999"
Electrify NITRO™ 2 Men's Running Shoes,"₹10,999"
SOFTRIDE Rift Men's Walking Shoes,"₹3,899"
Electrify NITRO™ 2 Men's Running Shoes,"₹10,999"
Playmaker Pro Unisex Basketball Shoes,"₹6,299"
Playmaker Pro Mid Trophies Unisex Basketball Shoes,"₹6,499"
Rise NITRO Unisex Basketball Shoes,"₹7,799"
PUMA x Rick and Morty MB.02 Unisex Basketball Shoes,"₹18,999"
